{"stats":{"minecraft:custom":{"minecraft:jump":77,"minecraft:time_since_rest":7486,"minecraft:crouch_one_cm":245,"minecraft:damage_dealt":194,"minecraft:deaths":2,"minecraft:sprint_one_cm":4924,"minecraft:play_time":9463,"minecraft:damage_taken":525,"minecraft:time_since_death":7454,"minecraft:walk_one_cm":8737,"minecraft:sneak_time":951,"minecraft:total_world_time":9463,"minecraft:mob_kills":1,"minecraft:fall_one_cm":209,"minecraft:drop":2,"minecraft:fly_one_cm":161161},"minecraft:dropped":{"gravestone:obituary":2},"minecraft:used":{"minecraft:jungle_wood":65,"minecraft:splash_potion":4},"minecraft:killed_by":{"minecraft:zombie":2},"minecraft:killed":{"minecraft:zombie":1}},"DataVersion":3337}