{
  "minecraft:recipes/decorations/crafting_table": {
    "criteria": {
      "unlock_right_away": "2024-06-22 22:45:05 +0000"
    },
    "done": true
  },
  "biomesoplenty:biomesoplenty/all_biomes": {
    "criteria": {
      "shrubland": "2024-06-22 22:51:38 +0000",
      "rocky_shrubland": "2024-06-22 22:51:36 +0000",
      "redwood_forest": "2024-06-22 22:52:21 +0000",
      "cherry_blossom_grove": "2024-06-22 22:51:52 +0000",
      "grassland": "2024-06-22 22:51:43 +0000",
      "glowing_grotto": "2024-06-22 22:52:48 +0000"
    },
    "done": false
  },
  "minecraft:adventure/kill_all_mobs": {
    "criteria": {
      "minecraft:zombie": "2024-06-22 22:45:38 +0000"
    },
    "done": false
  },
  "minecraft:recipes/building_blocks/jungle_planks": {
    "criteria": {
      "has_logs": "2024-06-22 22:48:16 +0000"
    },
    "done": true
  },
  "minecraft:recipes/misc/charcoal": {
    "criteria": {
      "has_log": "2024-06-22 22:48:16 +0000"
    },
    "done": true
  },
  "biomesoplenty:biomesoplenty/root": {
    "criteria": {
      "rocky_shrubland": "2024-06-22 22:51:36 +0000"
    },
    "done": true
  },
  "minecraft:adventure/root": {
    "criteria": {
      "killed_something": "2024-06-22 22:45:38 +0000"
    },
    "done": true
  },
  "minecraft:adventure/kill_a_mob": {
    "criteria": {
      "minecraft:zombie": "2024-06-22 22:45:38 +0000"
    },
    "done": true
  },
  "minecraft:adventure/adventuring_time": {
    "criteria": {
      "minecraft:river": "2024-06-22 22:51:39 +0000",
      "minecraft:stony_shore": "2024-06-22 22:45:06 +0000",
      "minecraft:forest": "2024-06-22 22:51:34 +0000",
      "minecraft:savanna": "2024-06-22 22:45:28 +0000",
      "minecraft:plains": "2024-06-22 22:51:29 +0000"
    },
    "done": false
  },
  "DataVersion": 3337
}